{
  "Complete Pooling": {
    "elpd_loo": -596.3096226096699,
    "se": 10.035278985004537,
    "p_loo": 3.183745198866859,
    "k_good": 160,
    "k_ok": 0,
    "k_bad": 0,
    "k_very_bad": 0,
    "pct_high_k": 0.0,
    "max_k": 0.18264641460723333
  },
  "Random Intercepts": {
    "elpd_loo": -590.8442164917933,
    "se": 10.124403283587839,
    "p_loo": 8.480253163488783,
    "k_good": 160,
    "k_ok": 0,
    "k_bad": 0,
    "k_very_bad": 0,
    "pct_high_k": 0.0,
    "max_k": 0.42896938009528607
  },
  "Random Slopes": {
    "elpd_loo": -591.3473877617183,
    "se": 9.992397296906478,
    "p_loo": 10.357443355940745,
    "k_good": 159,
    "k_ok": 1,
    "k_bad": 0,
    "k_very_bad": 0,
    "pct_high_k": 0.0,
    "max_k": 0.6026257794843579
  }
}