,rank,elpd_loo,p_loo,elpd_diff,weight,se,dse,warning,scale
Random Intercepts,0,-590.8442164917933,8.480253163488783,0.0,0.984622859491438,10.124403283587839,0.0,False,log
Random Slopes,1,-591.3473877617183,10.357443355940745,0.5031712699250628,0.0,9.992397296906478,0.6748274787057645,False,log
Complete Pooling,2,-596.3096226096699,3.183745198866859,5.465406117876551,0.015377140508562238,10.035278985004537,3.2801350670646543,False,log
