{
  "elpd_loo": 147.55207862649968,
  "se": 16.42772061108163,
  "p_loo": 3.2834766913897795,
  "k_good": 392,
  "k_ok": 0,
  "k_bad": 0,
  "k_very_bad": 0
}