{
  "elpd_loo": 286.05742084343683,
  "se": 17.538714718920254,
  "p_loo": 4.963996050135847,
  "k_good": 392,
  "k_ok": 0,
  "k_bad": 0,
  "k_very_bad": 0
}