{
  "model": "A1-Baseline (log(mpg) ~ log(weight))",
  "n_observations": 392,
  "n_posterior_draws": 4000,
  "posterior_means": {
    "alpha": 3.09836181815,
    "beta_weight": -1.0565465213325,
    "sigma": 0.1655657227175
  },
  "residual_summary": {
    "mean": -4.886495555132168e-05,
    "sd": 0.1647105525472632,
    "min": -0.5229714688130525,
    "max": 0.5943498342443383
  },
  "ppc_p_values": {
    "mean": 0.51,
    "sd": 0.50025,
    "median": 0.2315,
    "min": 0.66425,
    "max": 0.87275,
    "iqr": 0.24625,
    "skewness": 0.67725,
    "kurtosis": 0.947,
    "q10": 0.52775,
    "q90": 0.54325
  },
  "observed_statistics": {
    "mean": 3.0983129531944487,
    "sd": 0.33960496642684035,
    "median": 3.124504762569762,
    "min": 2.1972245773362196,
    "max": 3.8416005411316,
    "iqr": 0.534082485930258,
    "skewness": -0.1308784468547276,
    "kurtosis": -0.8227093196667279,
    "q10": 2.6390573296152584,
    "q90": 3.531932818090651
  },
  "residuals_by_year": {
    "year=70": {
      "n": 29,
      "mean_residual": -0.13215579671390723,
      "sd_residual": 0.1207671331589842,
      "t_stat": -5.893000246893838
    },
    "year=71": {
      "n": 27,
      "mean_residual": -0.09837617242788188,
      "sd_residual": 0.08829994269931424,
      "t_stat": -5.789104398838004
    },
    "year=72": {
      "n": 28,
      "mean_residual": -0.1274131459866103,
      "sd_residual": 0.09351106605539036,
      "t_stat": -7.209916692453455
    },
    "year=73": {
      "n": 40,
      "mean_residual": -0.15039184984786877,
      "sd_residual": 0.1250158236601542,
      "t_stat": -7.608329459767303
    },
    "year=74": {
      "n": 26,
      "mean_residual": -0.06476394205049944,
      "sd_residual": 0.08764401224952821,
      "t_stat": -3.7678855156983824
    },
    "year=75": {
      "n": 30,
      "mean_residual": -0.036657083762395,
      "sd_residual": 0.1237228843119083,
      "t_stat": -1.622813094011226
    },
    "year=76": {
      "n": 34,
      "mean_residual": -0.026507818555497886,
      "sd_residual": 0.12128964668481701,
      "t_stat": -1.2743529151836857
    },
    "year=77": {
      "n": 28,
      "mean_residual": 0.014693986918827904,
      "sd_residual": 0.07443172602523337,
      "t_stat": 1.0446253830544023
    },
    "year=78": {
      "n": 36,
      "mean_residual": 0.0208740801532169,
      "sd_residual": 0.10000794714186978,
      "t_stat": 1.2523452835366318
    },
    "year=79": {
      "n": 29,
      "mean_residual": 0.1249920883611895,
      "sd_residual": 0.11188760791234133,
      "t_stat": 6.015885118754781
    },
    "year=80": {
      "n": 27,
      "mean_residual": 0.2187130504479129,
      "sd_residual": 0.16183674202796064,
      "t_stat": 7.022301195152164
    },
    "year=81": {
      "n": 28,
      "mean_residual": 0.13772929099645842,
      "sd_residual": 0.12657877446845317,
      "t_stat": 5.757639126403362
    },
    "year=82": {
      "n": 30,
      "mean_residual": 0.1729420341526545,
      "sd_residual": 0.12153404450181858,
      "t_stat": 7.794050929064596
    }
  },
  "residuals_by_origin": {
    "origin=1": {
      "n": 245,
      "mean_residual": -0.006489264423500189,
      "sd_residual": 0.14884501054753618,
      "t_stat": -0.6824081925942876
    },
    "origin=2": {
      "n": 68,
      "mean_residual": 0.0014370717317968116,
      "sd_residual": 0.20318014405117868,
      "t_stat": 0.05832458254675772
    },
    "origin=3": {
      "n": 79,
      "mean_residual": 0.018645491688851247,
      "sd_residual": 0.1729032038535705,
      "t_stat": 0.9584828473005164
    }
  }
}