column,mean,std,median,iqr,skewness,kurtosis,cv,min,max,range,n_valid,inferred_type
mpg,23.514572864321607,7.815984312565782,23.0,11.5,0.45534192556309266,-0.5194245405990441,0.33238895546450203,9.0,46.6,37.6,398,continuous_bounded_positive
cylinders,5.454773869346734,1.7010042445332119,4.0,4.0,0.5249335774421718,-1.3744657460935465,0.31183771963344925,3.0,8.0,5.0,398,discrete_categorical
displacement,193.42587939698493,104.26983817119591,148.5,157.75,0.716930089340474,-0.7522878026396289,0.5390687042305945,68.0,455.0,387.0,398,continuous_positive
horsepower,104.46938775510205,38.49115993282849,93.5,51.0,1.0831611646869432,0.6728218851056105,0.3684443908397335,46.0,230.0,184.0,392,continuous_positive
weight,2970.424623115578,846.8417741973268,2803.5,1384.25,0.5290589216608383,-0.7907326965772179,0.2850911508096452,1613.0,5140.0,3527.0,398,continuous_positive
acceleration,15.568090452261307,2.757688929812676,15.5,3.3499999999999996,0.27772507624356363,0.3992077323931644,0.17713726280490066,8.0,24.8,16.8,398,continuous_positive
model_year,76.01005025125629,3.697626646732623,76.0,6.0,0.011491076335909905,-1.1814818486666614,0.048646549166983466,70.0,82.0,12.0,398,discrete_ordinal
origin,1.5728643216080402,0.8020548777266148,1.0,1.0,0.9202910792259871,-0.8223991658438639,0.5099326538900841,1.0,3.0,2.0,398,discrete_categorical
