{
  "model": "A2-Year (log(mpg) ~ log(weight) + year)",
  "n_observations": 392,
  "n_posterior_draws": 4000,
  "posterior_means": {
    "alpha": 3.0982231030499996,
    "beta_weight": -0.9346042939225001,
    "beta_year": 0.03274859683525,
    "sigma": 0.11807658581000001
  },
  "residual_summary": {
    "mean": -8.242025973149509e-06,
    "sd": 0.11727817996094805,
    "min": -0.40596996156410103,
    "max": 0.39297860712940436
  },
  "ppc_p_values": {
    "mean": 0.50425,
    "sd": 0.50975,
    "median": 0.3805,
    "min": 0.80325,
    "max": 0.65425,
    "iqr": 0.19325,
    "skewness": 0.19,
    "kurtosis": 0.92725,
    "q10": 0.21675,
    "q90": 0.49975
  },
  "observed_statistics": {
    "mean": 3.0983129531944487,
    "sd": 0.33960496642684035,
    "median": 3.124504762569762,
    "min": 2.1972245773362196,
    "max": 3.8416005411316,
    "iqr": 0.534082485930258,
    "skewness": -0.1308784468547276,
    "kurtosis": -0.8227093196667279,
    "q10": 2.6390573296152584,
    "q90": 3.531932818090651
  },
  "residuals_by_year": {
    "year=70": {
      "n": 29,
      "mean_residual": 0.04770405533716175,
      "sd_residual": 0.12578394543266874,
      "t_stat": 2.0423449039988495
    },
    "year=71": {
      "n": 27,
      "mean_residual": 0.06488006720905316,
      "sd_residual": 0.07020379486739646,
      "t_stat": 4.802115313715849
    },
    "year=72": {
      "n": 28,
      "mean_residual": -0.006628443846817965,
      "sd_residual": 0.0839916760655885,
      "t_stat": -0.4175940954992246
    },
    "year=73": {
      "n": 40,
      "mean_residual": -0.06939113269483438,
      "sd_residual": 0.10955583889646847,
      "t_stat": -4.005884687570547
    },
    "year=74": {
      "n": 26,
      "mean_residual": 0.005713574284642911,
      "sd_residual": 0.07566491711706833,
      "t_stat": 0.385034807144251
    },
    "year=75": {
      "n": 30,
      "mean_residual": -0.013807931933693673,
      "sd_residual": 0.11506984627589352,
      "t_stat": -0.6572456675093639
    },
    "year=76": {
      "n": 34,
      "mean_residual": -0.031512043679274564,
      "sd_residual": 0.11430116863854763,
      "t_stat": -1.6075532121912752
    },
    "year=77": {
      "n": 28,
      "mean_residual": -0.018791760195479203,
      "sd_residual": 0.06041621484318104,
      "t_stat": -1.6458602811662908
    },
    "year=78": {
      "n": 36,
      "mean_residual": -0.042213989479644706,
      "sd_residual": 0.10274058544124143,
      "t_stat": -2.4652763636695876
    },
    "year=79": {
      "n": 29,
      "mean_residual": 0.02190810470128081,
      "sd_residual": 0.1098215258050349,
      "t_stat": 1.0742771379611127
    },
    "year=80": {
      "n": 27,
      "mean_residual": 0.10815271653908133,
      "sd_residual": 0.15828969222040057,
      "t_stat": 3.550313303309479
    },
    "year=81": {
      "n": 28,
      "mean_residual": -0.008994680870876261,
      "sd_residual": 0.11730484624630344,
      "t_stat": -0.405740930033884
    },
    "year=82": {
      "n": 30,
      "mean_residual": -0.003260281938702336,
      "sd_residual": 0.11802267100977921,
      "t_stat": -0.15130397798792247
    }
  },
  "residuals_by_origin": {
    "origin=1": {
      "n": 245,
      "mean_residual": -0.010232538195830015,
      "sd_residual": 0.10610004254232329,
      "t_stat": -1.509561665385602
    },
    "origin=2": {
      "n": 68,
      "mean_residual": 0.03347201702851681,
      "sd_residual": 0.14524594619559145,
      "t_stat": 1.900344420286983
    },
    "origin=3": {
      "n": 79,
      "mean_residual": 0.0028815674159207148,
      "sd_residual": 0.11781600112141762,
      "t_stat": 0.2173892440374896
    }
  }
}