{
  "log_scale": {
    "mean": 3.102571098030999,
    "std": 0.5417413764380169,
    "min": -3.0319179,
    "max": 8.0351498,
    "p2_5": 2.0308980125,
    "p97_5": 4.140911095
  },
  "mpg_scale": {
    "mean": 25.826617551681714,
    "median": 22.434936297524455,
    "p2_5": 7.620911637436857,
    "p97_5": 62.85047923112682,
    "min": 0.04822306236760647,
    "max": 992.0472130968974
  },
  "coverage": {
    "within_observed_range": 0.8758118622448979,
    "below_min": 0.046583545918367344,
    "above_max": 0.0776045918367347
  },
  "observed_bounds": {
    "log_mpg_min": 2.1972245773362196,
    "log_mpg_max": 3.8416005411316,
    "mpg_min": 9.0,
    "mpg_max": 46.6
  },
  "prior_parameters": {
    "alpha": {
      "mean": 3.1017399256249996,
      "std": 0.2985045851427076
    },
    "beta_weight": {
      "mean": -1.0005670176023,
      "std": 0.3003700004881477
    },
    "beta_year": {
      "mean": 0.03010451008699075,
      "std": 0.020584510726463327
    },
    "sigma": {
      "mean": 0.20282160303341273,
      "std": 0.20362075094839563
    }
  }
}