school_id,control_mean,treated_mean,effect,n_control,n_treated
1,71.7,86.7,15.0,11,4
2,70.37,74.36,3.989999999999995,10,10
3,77.55384615384615,77.1,-0.45384615384615756,13,12
4,77.02222222222223,87.02222222222223,10.0,9,9
5,67.66666666666667,78.29999999999998,10.633333333333312,9,13
6,70.30000000000001,78.14444444444445,7.844444444444434,8,9
7,84.06666666666666,85.4923076923077,1.425641025641042,6,13
8,72.25384615384614,81.25454545454546,9.000699300699324,13,11
