{
  "mu": 70.0,
  "tau": 8.0,
  "beta": 5.0,
  "sigma": 10.0,
  "theta": [
    73.97371322408986,
    68.89388559063052,
    75.18150830480553,
    82.1842388512642,
    68.12677300221331,
    68.12690434440655,
    82.63370252405913,
    76.13947783322327
  ]
}