{
  "elpd_loo": 279.7482875339995,
  "se": 17.270244320521456,
  "p_loo": 4.341508771294116,
  "k_good": 392,
  "k_ok": 0,
  "k_bad": 0,
  "k_very_bad": 0
}