,rank,elpd_loo,p_loo,elpd_diff,weight,se,dse,warning,scale
A3-Robust,0,286.05742084343683,4.963996050135847,0.0,0.9999999999070368,17.538714718920254,0.0,False,log
A2-Year,1,279.7482875339995,4.341508771294116,6.30913330943734,0.0,17.270244320521456,3.3607732229094522,False,log
A1-Baseline,2,147.55207862649968,3.2834766913897795,138.5053422169371,1.6964085691739683e-10,16.42772061108163,11.23133389799739,False,log
