{
  "model": "A1-Baseline",
  "elpd_loo": 147.55207862649968,
  "se": 16.42772061108163,
  "p_loo": 3.2834766913897795,
  "pareto_k_max": 0.1471113682356541,
  "pareto_k_mean": -0.05074410557279357,
  "n_k_good": 392,
  "n_k_ok": 0,
  "n_k_bad": 0,
  "n_k_very_bad": 0,
  "n_obs": 392
}