{
  "N": 160,
  "J": 8,
  "school": [
    1,
    1,
    1,
    1,
    1,
    1,
    1,
    1,
    1,
    1,
    1,
    1,
    1,
    1,
    1,
    1,
    1,
    1,
    1,
    1,
    2,
    2,
    2,
    2,
    2,
    2,
    2,
    2,
    2,
    2,
    2,
    2,
    2,
    2,
    2,
    2,
    2,
    2,
    2,
    2,
    3,
    3,
    3,
    3,
    3,
    3,
    3,
    3,
    3,
    3,
    3,
    3,
    3,
    3,
    3,
    3,
    3,
    3,
    3,
    3,
    4,
    4,
    4,
    4,
    4,
    4,
    4,
    4,
    4,
    4,
    4,
    4,
    4,
    4,
    4,
    4,
    4,
    4,
    4,
    4,
    5,
    5,
    5,
    5,
    5,
    5,
    5,
    5,
    5,
    5,
    5,
    5,
    5,
    5,
    5,
    5,
    5,
    5,
    5,
    5,
    6,
    6,
    6,
    6,
    6,
    6,
    6,
    6,
    6,
    6,
    6,
    6,
    6,
    6,
    6,
    6,
    6,
    6,
    6,
    6,
    7,
    7,
    7,
    7,
    7,
    7,
    7,
    7,
    7,
    7,
    7,
    7,
    7,
    7,
    7,
    7,
    7,
    7,
    7,
    7,
    8,
    8,
    8,
    8,
    8,
    8,
    8,
    8,
    8,
    8,
    8,
    8,
    8,
    8,
    8,
    8,
    8,
    8,
    8,
    8
  ],
  "treatment": [
    1,
    1,
    0,
    0,
    1,
    1,
    1,
    1,
    1,
    0,
    0,
    1,
    0,
    1,
    0,
    1,
    0,
    1,
    1,
    1,
    1,
    1,
    1,
    1,
    1,
    1,
    1,
    1,
    1,
    0,
    1,
    1,
    0,
    0,
    1,
    0,
    1,
    1,
    0,
    1,
    0,
    1,
    0,
    1,
    1,
    0,
    1,
    0,
    1,
    0,
    0,
    0,
    0,
    1,
    0,
    1,
    0,
    0,
    1,
    0,
    1,
    0,
    0,
    0,
    0,
    0,
    1,
    0,
    1,
    0,
    0,
    0,
    1,
    0,
    1,
    1,
    1,
    0,
    0,
    1,
    1,
    0,
    0,
    0,
    0,
    0,
    1,
    1,
    0,
    0,
    0,
    0,
    0,
    0,
    1,
    0,
    0,
    0,
    0,
    1,
    0,
    1,
    0,
    1,
    0,
    1,
    1,
    0,
    1,
    1,
    0,
    0,
    1,
    1,
    1,
    1,
    0,
    0,
    1,
    0,
    1,
    1,
    1,
    1,
    1,
    0,
    0,
    0,
    1,
    1,
    0,
    1,
    1,
    0,
    0,
    0,
    1,
    0,
    0,
    0,
    0,
    0,
    0,
    0,
    1,
    1,
    0,
    1,
    1,
    0,
    1,
    1,
    0,
    0,
    1,
    0,
    1,
    0,
    1,
    1
  ],
  "y": [
    70.02916381763002,
    71.08540094919987,
    75.39923020359772,
    68.93420935882989,
    65.16895974435053,
    66.25366829399313,
    79.35064255990548,
    64.17882277615335,
    86.22583031304032,
    66.52532061823584,
    76.97824142839433,
    70.00521390041276,
    64.72658385267891,
    77.01734435097129,
    80.46278262877703,
    73.06957288576899,
    71.52469606259015,
    81.50785378131224,
    81.77273289466228,
    74.74058113249191,
    86.29934488323559,
    90.50843169867815,
    88.31989209201116,
    92.35097723765271,
    80.29302060835188,
    92.06463665798788,
    84.10075669375192,
    97.09428491504192,
    84.46744122815377,
    81.60630588559044,
    93.41037461841182,
    89.96087913364748,
    105.06039703430861,
    73.81276313868389,
    90.72600759875586,
    95.88437990289687,
    85.2206726396995,
    82.56272126519886,
    79.88026684194728,
    76.95149458591723,
    81.63852713997535,
    71.20395138703853,
    67.25667300308795,
    56.8481055268484,
    62.37122154179471,
    82.56400816564255,
    76.26573545029443,
    80.17289676089064,
    82.16082964012843,
    62.83592787690627,
    90.27967195072154,
    86.43875088629963,
    66.33075858450552,
    45.29524772661074,
    67.98863340193718,
    75.74726021846138,
    66.29913784328427,
    69.06871334801205,
    67.21162583078744,
    78.21396786832057,
    61.85048071497422,
    65.9535272955694,
    68.11904156168927,
    40.9468262793326,
    52.17723710535295,
    53.34918044290143,
    81.91239366953604,
    59.53345772722837,
    67.84189956293028,
    43.29588063782968,
    59.48713841200595,
    66.16775864895584,
    68.23713547250702,
    63.328610303356584,
    61.44541884398678,
    61.83396375702938,
    47.79528539434746,
    51.13715171052863,
    60.18896644313108,
    55.61360833661613,
    68.98019672166433,
    64.20375114752095,
    71.40845278317799,
    68.13552135462261,
    62.28758201847859,
    66.45333421789738,
    71.5103080437993,
    59.40999245813819,
    57.834842758843635,
    59.69488244625476,
    56.665246392087255,
    68.59498630590993,
    55.45100641198361,
    70.48270251660064,
    60.533705154358984,
    64.24866388811691,
    61.80081193550515,
    52.66165227906871,
    60.310372909475724,
    66.13863899700682,
    80.0626778630526,
    72.83536689188631,
    94.18845330814595,
    84.27861522283048,
    74.22259875862841,
    96.54316354767478,
    88.51613783769919,
    70.97565938872371,
    75.22106138873755,
    81.79786160083384,
    82.95547519073517,
    85.55941801164796,
    91.17844719616512,
    87.89359861113773,
    94.35098718906455,
    84.59136463738034,
    74.49990431611081,
    80.5502124026648,
    83.02517407717025,
    59.951295922636646,
    81.62573514789251,
    88.63029988426139,
    82.72294549896348,
    80.94699512607379,
    93.4076795870943,
    75.78430342245426,
    88.80965122442436,
    72.4547142543515,
    108.20276550646724,
    84.39118580544772,
    80.53054770628933,
    95.26119724377713,
    82.76703129420619,
    94.75609248726312,
    86.08942066454999,
    82.16948681628794,
    84.31662279369478,
    92.77740738409987,
    84.9605677374858,
    86.57513987018395,
    73.47621547957613,
    70.21168998052863,
    73.30717830954697,
    68.20161311729917,
    71.7497314441345,
    63.19528107453343,
    71.53028250609428,
    58.39187244504934,
    74.41666506363441,
    66.90327236942859,
    75.14488137435492,
    63.75757382609369,
    52.193341554437964,
    66.34127804295879,
    63.78089914789032,
    54.90374703306324,
    78.29206665630366,
    81.95810631588343,
    65.7725890125507,
    71.54203388097547
  ]
}