{
  "N": 160,
  "J": 8,
  "school": [
    1,
    1,
    1,
    1,
    1,
    1,
    1,
    1,
    1,
    1,
    1,
    1,
    1,
    1,
    1,
    1,
    1,
    1,
    1,
    1,
    2,
    2,
    2,
    2,
    2,
    2,
    2,
    2,
    2,
    2,
    2,
    2,
    2,
    2,
    2,
    2,
    2,
    2,
    2,
    2,
    3,
    3,
    3,
    3,
    3,
    3,
    3,
    3,
    3,
    3,
    3,
    3,
    3,
    3,
    3,
    3,
    3,
    3,
    3,
    3,
    4,
    4,
    4,
    4,
    4,
    4,
    4,
    4,
    4,
    4,
    4,
    4,
    4,
    4,
    4,
    4,
    4,
    4,
    4,
    4,
    5,
    5,
    5,
    5,
    5,
    5,
    5,
    5,
    5,
    5,
    5,
    5,
    5,
    5,
    5,
    5,
    5,
    5,
    5,
    5,
    6,
    6,
    6,
    6,
    6,
    6,
    6,
    6,
    6,
    6,
    6,
    6,
    6,
    6,
    6,
    6,
    6,
    6,
    6,
    6,
    7,
    7,
    7,
    7,
    7,
    7,
    7,
    7,
    7,
    7,
    7,
    7,
    7,
    7,
    7,
    7,
    7,
    7,
    7,
    7,
    8,
    8,
    8,
    8,
    8,
    8,
    8,
    8,
    8,
    8,
    8,
    8,
    8,
    8,
    8,
    8,
    8,
    8,
    8,
    8
  ],
  "treatment": [
    0,
    1,
    1,
    1,
    1,
    1,
    0,
    1,
    0,
    1,
    0,
    0,
    1,
    1,
    1,
    1,
    1,
    1,
    0,
    1,
    0,
    1,
    0,
    1,
    0,
    1,
    1,
    1,
    0,
    0,
    0,
    0,
    0,
    0,
    1,
    0,
    1,
    0,
    0,
    1,
    0,
    1,
    0,
    0,
    0,
    0,
    1,
    1,
    0,
    0,
    1,
    0,
    1,
    1,
    0,
    1,
    0,
    0,
    0,
    0,
    0,
    1,
    1,
    0,
    0,
    1,
    0,
    0,
    0,
    1,
    0,
    0,
    0,
    0,
    0,
    0,
    0,
    0,
    0,
    0,
    1,
    0,
    0,
    1,
    1,
    1,
    0,
    1,
    1,
    0,
    1,
    0,
    0,
    1,
    1,
    1,
    1,
    0,
    1,
    1,
    1,
    1,
    1,
    1,
    0,
    1,
    0,
    0,
    1,
    0,
    1,
    1,
    1,
    1,
    1,
    1,
    1,
    1,
    0,
    1,
    0,
    0,
    1,
    1,
    0,
    0,
    0,
    1,
    1,
    0,
    0,
    1,
    0,
    1,
    1,
    0,
    1,
    1,
    0,
    1,
    0,
    0,
    0,
    1,
    0,
    1,
    0,
    0,
    0,
    0,
    0,
    1,
    1,
    0,
    1,
    1,
    1,
    1,
    0,
    1
  ],
  "y": [
    91.77494590070836,
    77.98671040912625,
    49.62802988827205,
    85.63635778569889,
    76.74394504007017,
    78.02050018139438,
    81.9253783774358,
    79.49741155882091,
    79.06940842017075,
    57.22236326068487,
    65.17346075742654,
    93.33764732294522,
    81.267532804894,
    61.40808699515101,
    68.6197604458058,
    69.57910830619541,
    82.71831464962969,
    76.29883109245753,
    68.57995482979595,
    81.53739011221053,
    80.31825628968876,
    76.47686335961976,
    67.68869660512564,
    74.52722845240784,
    78.66305866672617,
    79.49664529715156,
    88.79276916096329,
    65.78769616655414,
    65.28117382500311,
    83.86289736715743,
    64.96327297629011,
    91.19339572367858,
    91.4476707670247,
    91.29311613838928,
    69.0175172741292,
    75.5079464795013,
    73.66401731004652,
    85.66315839658988,
    95.06446654062799,
    90.068280084111,
    77.05279776318372,
    77.55659405231155,
    84.73210640585134,
    62.26858317419839,
    83.37909800288685,
    65.96677443916674,
    89.3896442058429,
    80.01181709194532,
    72.2838928265827,
    66.31691712835588,
    77.66212530508375,
    83.61652719670965,
    94.46939294532596,
    88.26044355031843,
    93.30970390730734,
    112.41301820953406,
    73.04917412035535,
    74.47266500915602,
    59.6625682420965,
    91.23179268766575,
    95.16185134039793,
    74.16333569662943,
    91.98077971535781,
    94.1739391329854,
    82.28454880321057,
    94.73790676014374,
    81.66708571312174,
    64.9668308609132,
    92.16125827707447,
    100.47035750739448,
    88.38310234778463,
    68.11512242568703,
    70.55493647325693,
    66.00395293177772,
    88.80881788839359,
    94.7897638380709,
    84.66292449790149,
    90.8555165887682,
    69.15739648947158,
    81.3194317983638,
    62.85908719523444,
    65.03617088191089,
    84.84162245412074,
    76.42240577750428,
    93.81012352406961,
    85.75305992013395,
    107.1106057845709,
    80.42272503765336,
    62.420676669651414,
    73.88318400269229,
    67.74135236303648,
    86.02369988558688,
    74.80130064947028,
    77.6502780706562,
    77.80795120925008,
    88.18162969120286,
    73.86799308769396,
    83.62213741467329,
    91.8443938959858,
    75.19183932456542,
    68.18502969861473,
    73.14200531752499,
    87.8189000135199,
    80.40733558776562,
    81.85848839236455,
    100.4528387967912,
    77.06903380449405,
    64.59034643246812,
    91.98667123550098,
    74.91391944290808,
    89.76695502107789,
    92.09197165832532,
    67.78949197203112,
    95.88164437921577,
    90.15905264863116,
    72.05073665933811,
    82.95097856760269,
    82.38407902091373,
    74.5847709027425,
    89.76055699490117,
    96.9859143865245,
    79.82531491940975,
    100.7082143821872,
    96.59606977257151,
    82.52519234463902,
    81.85180951115002,
    65.90685398660199,
    66.72841772803608,
    86.71791202383423,
    69.46649143256975,
    79.26200474204674,
    78.3216855443214,
    58.27568038675621,
    89.02529294976178,
    79.76325678184347,
    80.70002299701194,
    74.02019516297149,
    80.71983147778536,
    98.46220014011672,
    86.28025044737514,
    83.89722032821074,
    62.05184250494625,
    105.97073567616829,
    104.42326928730513,
    93.66353007887918,
    92.24749591871723,
    77.4840235265771,
    82.6071923898595,
    89.87854111539815,
    69.75946721775026,
    71.96831925682854,
    62.27271587837235,
    73.04047525437767,
    97.23792495475658,
    78.29133909365432,
    78.48814130933172,
    86.11550857670416,
    62.95557650136445,
    88.64688446850954,
    97.49918645193323
  ]
}