{
  "N": 160,
  "J": 8,
  "school": [
    1,
    1,
    1,
    1,
    1,
    1,
    1,
    1,
    1,
    1,
    1,
    1,
    1,
    1,
    1,
    1,
    1,
    1,
    1,
    1,
    2,
    2,
    2,
    2,
    2,
    2,
    2,
    2,
    2,
    2,
    2,
    2,
    2,
    2,
    2,
    2,
    2,
    2,
    2,
    2,
    3,
    3,
    3,
    3,
    3,
    3,
    3,
    3,
    3,
    3,
    3,
    3,
    3,
    3,
    3,
    3,
    3,
    3,
    3,
    3,
    4,
    4,
    4,
    4,
    4,
    4,
    4,
    4,
    4,
    4,
    4,
    4,
    4,
    4,
    4,
    4,
    4,
    4,
    4,
    4,
    5,
    5,
    5,
    5,
    5,
    5,
    5,
    5,
    5,
    5,
    5,
    5,
    5,
    5,
    5,
    5,
    5,
    5,
    5,
    5,
    6,
    6,
    6,
    6,
    6,
    6,
    6,
    6,
    6,
    6,
    6,
    6,
    6,
    6,
    6,
    6,
    6,
    6,
    6,
    6,
    7,
    7,
    7,
    7,
    7,
    7,
    7,
    7,
    7,
    7,
    7,
    7,
    7,
    7,
    7,
    7,
    7,
    7,
    7,
    7,
    8,
    8,
    8,
    8,
    8,
    8,
    8,
    8,
    8,
    8,
    8,
    8,
    8,
    8,
    8,
    8,
    8,
    8,
    8,
    8
  ],
  "treatment": [
    1,
    1,
    0,
    1,
    0,
    1,
    1,
    1,
    0,
    1,
    1,
    0,
    0,
    1,
    0,
    1,
    1,
    0,
    0,
    1,
    1,
    1,
    0,
    1,
    0,
    0,
    1,
    1,
    1,
    0,
    1,
    1,
    0,
    0,
    0,
    1,
    1,
    0,
    1,
    0,
    1,
    1,
    1,
    1,
    0,
    1,
    0,
    1,
    0,
    0,
    1,
    0,
    0,
    0,
    0,
    1,
    0,
    1,
    1,
    1,
    0,
    0,
    0,
    1,
    1,
    0,
    1,
    0,
    0,
    1,
    1,
    1,
    1,
    0,
    0,
    1,
    0,
    0,
    0,
    0,
    0,
    0,
    1,
    1,
    0,
    1,
    1,
    1,
    0,
    0,
    0,
    1,
    0,
    0,
    1,
    1,
    0,
    1,
    0,
    0,
    1,
    0,
    0,
    0,
    1,
    0,
    0,
    1,
    1,
    0,
    0,
    0,
    1,
    1,
    1,
    0,
    1,
    1,
    0,
    0,
    0,
    1,
    0,
    0,
    1,
    0,
    0,
    0,
    0,
    1,
    0,
    1,
    0,
    0,
    1,
    1,
    0,
    1,
    1,
    1,
    1,
    1,
    1,
    1,
    1,
    0,
    0,
    1,
    0,
    1,
    1,
    1,
    0,
    1,
    0,
    0,
    0,
    1,
    0,
    0
  ],
  "y": [
    76.93076863911469,
    82.03548734467269,
    79.91981004079439,
    74.00616540482491,
    75.25929494178743,
    78.14429413150121,
    78.99513110917158,
    70.2882722851286,
    73.2634718662727,
    82.99835303613777,
    92.52980620163369,
    82.61107838453533,
    94.55019469879883,
    70.34489449480277,
    81.74157649089005,
    79.85179018106679,
    99.91639945585999,
    64.93538727013176,
    64.6211517018755,
    72.02444366924304,
    66.97185064873784,
    82.9532576750283,
    75.61948127629893,
    89.71474575659799,
    86.62836764960751,
    101.97251628399478,
    97.71504627369642,
    82.44177133521188,
    79.22666117835233,
    88.12999960690097,
    75.00847582162949,
    106.52539555037944,
    95.00520909904878,
    78.51905137078886,
    66.07946260092714,
    101.74953163349004,
    87.06540943930973,
    95.58897101157054,
    72.26653130389224,
    77.21705766229819,
    64.43778286809466,
    64.85515180856025,
    59.88469115612039,
    70.61384519438782,
    48.70914157708688,
    62.96155102069989,
    60.58830218803181,
    69.52973421150031,
    66.50149465180172,
    48.138924952534126,
    49.04420416355661,
    72.16211408989791,
    62.70848599070874,
    51.90048050534729,
    74.89686562613805,
    65.54209221384141,
    71.17831771155109,
    65.06053068501392,
    84.9928251197327,
    81.93875429534486,
    82.26008489722403,
    94.46543589155833,
    91.20348587786624,
    103.43604195733826,
    80.10049177621373,
    91.61024098199917,
    100.33397125051064,
    67.16233151778363,
    72.91714125535702,
    69.35740460441377,
    87.05565803756919,
    96.92514893997439,
    104.77329690297505,
    85.49067418621252,
    101.03588183772769,
    75.94871179986586,
    67.71590198846323,
    84.19424939304858,
    88.59038087140785,
    84.42277890107384,
    43.479647773764,
    63.262868379034884,
    56.109373769114235,
    75.85079426246315,
    67.82005123513125,
    59.755270910889216,
    64.01539960079583,
    58.56193355527325,
    63.52727780143105,
    73.70549197917515,
    54.29680831080733,
    74.1945339293412,
    58.851492590438355,
    56.225340451539324,
    68.08376517461718,
    58.801645549969024,
    58.617575720690944,
    57.17528984827428,
    83.80132010332666,
    64.50670429388005,
    57.763387053969105,
    61.90044124123718,
    58.63736163698666,
    57.55094613856273,
    70.90230913432922,
    67.33571923436801,
    54.45563065778968,
    59.00245972744816,
    62.01012516237852,
    36.741430486539116,
    44.60873151190944,
    73.4293848083402,
    81.2103192689078,
    62.27028173833118,
    70.52621176445263,
    62.873143679330326,
    95.54945021844733,
    75.95639124824073,
    58.481466219087295,
    50.205237727890704,
    52.03640110777093,
    75.13550066901888,
    60.53735685750362,
    53.87832721436991,
    66.63513546792139,
    57.2853842742027,
    84.97228066107229,
    76.91726187984116,
    68.02113789718048,
    87.90030569924691,
    68.87454738682284,
    64.48802229706402,
    83.33210508304322,
    73.48996474719324,
    62.72840276708209,
    71.19747752951056,
    59.34468177649908,
    59.272867000703286,
    82.36263978566306,
    92.19503071504795,
    75.99036970558701,
    95.60573781068415,
    83.46961975256016,
    85.10479160613147,
    84.05210620138973,
    76.33613774698027,
    85.4612617232267,
    81.66654427966806,
    87.68061370157682,
    89.47366434928706,
    87.58656497511433,
    80.90040882336245,
    79.2083321380951,
    97.52995770203599,
    89.98521732002224,
    75.20049299579293,
    85.9693684980707,
    97.48991667749632,
    68.28199263256471,
    90.40964736757778
  ]
}