{
  "parameters": {
    "alpha": {
      "mean": 3.10395906995,
      "sd": 0.3026011920190309
    },
    "beta_weight": {
      "mean": -1.0014890045365001,
      "sd": 0.2954801423053976
    },
    "sigma": {
      "mean": 0.20380177370231,
      "sd": 0.19847832584504732
    }
  },
  "mpg_percentiles": {
    "p0.5": 5.409691125633764,
    "p2.5": 8.250662498739489,
    "p10": 11.910369652033232,
    "p25": 16.091019961267822,
    "p50": 22.329890229295422,
    "p75": 30.929510174843976,
    "p90": 41.51464680376347,
    "p97.5": 59.56238481133631,
    "p99.5": 93.52397958041956
  }
}