school_id,school_name,n_control,n_treated,control_mean,treated_mean,ate,control_sd,treated_sd
1,School_1,11,4,71.7,86.7,15.0,3.8416142440385688,14.681053549842167
2,School_2,10,10,70.37,74.36,3.989999999999995,8.152715975537097,8.717186090323722
3,School_3,13,12,77.55384615384615,77.1,-0.45384615384615756,10.33566764369993,7.6973431071435865
4,School_4,9,9,77.02222222222223,87.02222222222223,10.0,8.394310242327506,9.871901764323045
5,School_5,9,13,67.66666666666667,78.29999999999998,10.633333333333312,9.41926217917306,10.311239821993603
6,School_6,8,9,70.30000000000001,78.14444444444445,7.844444444444434,8.630510661931558,8.57731180369338
7,School_7,6,13,84.06666666666666,85.4923076923077,1.425641025641042,11.33254899246708,8.526279135557074
8,School_8,13,11,72.25384615384614,81.25454545454546,9.000699300699324,10.515196573262857,11.07261158321411
