column,n_obs,n_unique,mean,std,min,q25,median,q75,max,skewness
treatment,160,2,0.50625,0.5015306758992161,0.0,0.0,1.0,1.0,1.0,-0.02500195335391152
score,160,120,77.088125,10.498202133441287,43.7,70.65,77.15,82.8,104.6,0.18624494484183737
school_id,160,8,4.61875,2.2761323120343406,1.0,3.0,5.0,7.0,8.0,0.026763607153041973
