{
  "log_scale": {
    "mean": 3.100659541500301,
    "std": 0.5527247544486168,
    "min": -22.007283,
    "max": 18.52331,
    "p2_5": 2.0299324025,
    "p97_5": 4.1429168075
  },
  "mpg_scale": {
    "mean": 25.944844465139166,
    "median": 22.34804063771007,
    "p2_5": 7.613435706095261,
    "p97_5": 62.920805180439096
  },
  "coverage": {
    "within_observed_range": 0.8769190051020408,
    "below_min": 0.046229591836734696,
    "above_max": 0.0768514030612245
  },
  "prior_parameters": {
    "alpha": {
      "mean": 3.1004654402,
      "std": 0.2943020433850637
    },
    "beta_weight": {
      "mean": -0.99266448234275,
      "std": 0.2987420450550304
    },
    "beta_year": {
      "mean": 0.03023766423961425,
      "std": 0.01945939956043578
    },
    "sigma": {
      "mean": 0.19692473830849702,
      "std": 0.19615955909872307
    },
    "nu": {
      "mean": 20.2004135587,
      "std": 14.19983436110556
    }
  }
}